{
  "n_prompts": 50,
  "max_new_tokens": 100,
  "batch_size": 8,
  "results": {
    "serial": {
      "time": 119.92585396766663,
      "gen_tokens": 3641,
      "qps": 0.41692427734123594,
      "tps": 30.3604258759888
    },
    "batch": {
      "time": 50.6882050037384,
      "gen_tokens": 3695,
      "qps": 0.986422778165302,
      "tps": 72.89664330641583
    },
    "vllm": {
      "time": 22.593358039855957,
      "gen_tokens": 3408,
      "qps": 2.213039775309061,
      "tps": 150.8407910850656
    }
  }
}